CREATE DATABASE  IF NOT EXISTS `testing` /*!40100 DEFAULT CHARACTER SET utf8 */;
USE `testing`;
-- MySQL dump 10.13  Distrib 5.7.12, for Win64 (x86_64)
--
-- Host: localhost    Database: testing
-- ------------------------------------------------------
-- Server version	5.7.15-log

/*!40101 SET @OLD_CHARACTER_SET_CLIENT=@@CHARACTER_SET_CLIENT */;
/*!40101 SET @OLD_CHARACTER_SET_RESULTS=@@CHARACTER_SET_RESULTS */;
/*!40101 SET @OLD_COLLATION_CONNECTION=@@COLLATION_CONNECTION */;
/*!40101 SET NAMES utf8 */;
/*!40103 SET @OLD_TIME_ZONE=@@TIME_ZONE */;
/*!40103 SET TIME_ZONE='+00:00' */;
/*!40014 SET @OLD_UNIQUE_CHECKS=@@UNIQUE_CHECKS, UNIQUE_CHECKS=0 */;
/*!40014 SET @OLD_FOREIGN_KEY_CHECKS=@@FOREIGN_KEY_CHECKS, FOREIGN_KEY_CHECKS=0 */;
/*!40101 SET @OLD_SQL_MODE=@@SQL_MODE, SQL_MODE='NO_AUTO_VALUE_ON_ZERO' */;
/*!40111 SET @OLD_SQL_NOTES=@@SQL_NOTES, SQL_NOTES=0 */;

--
-- Table structure for table `assignment`
--

DROP TABLE IF EXISTS `assignment`;
/*!40101 SET @saved_cs_client     = @@character_set_client */;
/*!40101 SET character_set_client = utf8 */;
CREATE TABLE `assignment` (
  `id` int(11) NOT NULL AUTO_INCREMENT,
  `rating` decimal(10,1) DEFAULT NULL,
  PRIMARY KEY (`id`)
) ENGINE=InnoDB AUTO_INCREMENT=1001 DEFAULT CHARSET=utf8;
/*!40101 SET character_set_client = @saved_cs_client */;

--
-- Dumping data for table `assignment`
--

LOCK TABLES `assignment` WRITE;
/*!40000 ALTER TABLE `assignment` DISABLE KEYS */;
INSERT INTO `assignment` VALUES (1,6.3),(2,1.9),(3,5.0),(4,7.5),(5,4.2),(6,2.6),(7,8.0),(8,2.8),(9,2.1),(10,4.8),(11,4.4),(12,8.5),(13,2.3),(14,5.2),(15,8.2),(16,5.9),(17,6.5),(18,9.9),(19,3.4),(20,1.5),(21,5.5),(22,2.9),(23,6.2),(24,2.0),(25,6.8),(26,1.6),(27,1.1),(28,7.1),(29,6.4),(30,4.4),(31,1.3),(32,2.2),(33,5.3),(34,8.6),(35,9.5),(36,9.7),(37,8.3),(38,7.0),(39,2.8),(40,4.9),(41,7.9),(42,9.9),(43,5.0),(44,8.7),(45,3.0),(46,3.2),(47,4.1),(48,9.6),(49,2.2),(50,8.2),(51,5.0),(52,2.3),(53,4.7),(54,9.1),(55,3.9),(56,9.8),(57,6.8),(58,9.9),(59,3.3),(60,9.8),(61,9.9),(62,8.7),(63,9.4),(64,7.8),(65,8.2),(66,3.4),(67,7.0),(68,7.7),(69,2.2),(70,4.6),(71,6.0),(72,8.4),(73,7.5),(74,9.6),(75,4.3),(76,1.2),(77,1.3),(78,4.7),(79,4.5),(80,3.7),(81,6.1),(82,5.4),(83,8.0),(84,7.0),(85,9.6),(86,1.5),(87,7.1),(88,5.8),(89,8.6),(90,6.8),(91,8.0),(92,6.4),(93,2.7),(94,9.2),(95,7.6),(96,7.6),(97,2.7),(98,1.4),(99,8.6),(100,2.9),(101,8.2),(102,6.9),(103,1.7),(104,8.9),(105,1.2),(106,1.1),(107,4.4),(108,5.8),(109,2.7),(110,3.7),(111,6.5),(112,8.8),(113,1.2),(114,5.3),(115,9.0),(116,9.9),(117,8.6),(118,4.1),(119,9.6),(120,1.1),(121,2.8),(122,3.3),(123,2.8),(124,2.1),(125,7.0),(126,6.5),(127,2.5),(128,8.5),(129,5.5),(130,8.9),(131,2.5),(132,1.4),(133,6.4),(134,2.5),(135,7.3),(136,2.3),(137,6.7),(138,7.5),(139,3.1),(140,3.0),(141,1.7),(142,4.9),(143,9.0),(144,9.4),(145,6.9),(146,3.9),(147,8.6),(148,6.6),(149,3.0),(150,3.0),(151,1.1),(152,1.0),(153,3.7),(154,2.6),(155,3.6),(156,2.2),(157,9.3),(158,9.4),(159,4.4),(160,9.1),(161,9.5),(162,9.5),(163,5.1),(164,2.7),(165,5.1),(166,3.2),(167,6.1),(168,7.9),(169,1.9),(170,6.8),(171,1.2),(172,1.8),(173,3.0),(174,8.6),(175,8.7),(176,9.9),(177,9.9),(178,4.1),(179,2.9),(180,4.5),(181,6.1),(182,2.4),(183,7.9),(184,6.2),(185,9.8),(186,6.9),(187,1.0),(188,9.5),(189,3.6),(190,9.0),(191,4.5),(192,6.3),(193,3.1),(194,8.6),(195,6.8),(196,8.5),(197,9.4),(198,6.0),(199,7.9),(200,1.9),(201,9.4),(202,7.5),(203,9.4),(204,6.9),(205,1.2),(206,8.1),(207,9.8),(208,8.3),(209,4.4),(210,4.4),(211,3.1),(212,3.3),(213,7.4),(214,1.7),(215,4.1),(216,5.1),(217,6.1),(218,2.2),(219,6.3),(220,2.0),(221,9.4),(222,6.0),(223,5.1),(224,6.1),(225,2.8),(226,1.7),(227,8.7),(228,6.0),(229,5.9),(230,2.8),(231,3.4),(232,5.3),(233,4.1),(234,6.6),(235,1.2),(236,4.6),(237,6.3),(238,9.8),(239,3.8),(240,6.4),(241,9.7),(242,3.7),(243,2.4),(244,3.3),(245,2.3),(246,7.9),(247,8.2),(248,7.5),(249,9.4),(250,2.2),(251,9.6),(252,6.2),(253,8.8),(254,2.6),(255,9.0),(256,6.9),(257,6.6),(258,7.2),(259,7.1),(260,2.9),(261,5.7),(262,5.1),(263,5.9),(264,1.6),(265,3.9),(266,7.1),(267,8.3),(268,2.7),(269,1.3),(270,4.6),(271,4.9),(272,8.8),(273,9.1),(274,6.7),(275,6.7),(276,9.6),(277,2.1),(278,2.7),(279,6.5),(280,2.4),(281,8.2),(282,7.1),(283,3.9),(284,8.4),(285,1.0),(286,3.1),(287,8.8),(288,5.9),(289,4.8),(290,3.8),(291,6.0),(292,3.2),(293,2.7),(294,2.0),(295,9.2),(296,9.4),(297,3.8),(298,8.7),(299,5.9),(300,5.7),(301,2.1),(302,2.0),(303,2.3),(304,2.6),(305,9.3),(306,6.2),(307,5.2),(308,8.8),(309,2.7),(310,7.6),(311,4.1),(312,4.5),(313,3.9),(314,6.3),(315,3.7),(316,1.6),(317,9.0),(318,8.6),(319,9.3),(320,5.5),(321,2.8),(322,4.3),(323,1.3),(324,8.4),(325,6.4),(326,6.1),(327,8.7),(328,5.5),(329,2.2),(330,1.9),(331,5.8),(332,6.5),(333,5.2),(334,8.4),(335,5.0),(336,8.0),(337,6.2),(338,4.6),(339,3.4),(340,6.3),(341,9.5),(342,4.7),(343,8.2),(344,8.4),(345,5.5),(346,6.9),(347,4.9),(348,7.1),(349,7.4),(350,5.6),(351,3.9),(352,9.6),(353,6.5),(354,7.8),(355,10.0),(356,9.7),(357,7.7),(358,2.1),(359,3.6),(360,6.9),(361,1.1),(362,6.2),(363,2.2),(364,7.8),(365,4.9),(366,3.1),(367,4.4),(368,1.1),(369,1.4),(370,7.5),(371,2.8),(372,6.2),(373,8.2),(374,1.8),(375,4.0),(376,8.9),(377,3.7),(378,2.3),(379,4.1),(380,5.9),(381,7.1),(382,9.7),(383,3.9),(384,6.5),(385,6.9),(386,2.0),(387,8.7),(388,7.1),(389,3.9),(390,2.9),(391,7.0),(392,9.3),(393,3.3),(394,5.9),(395,4.6),(396,3.2),(397,9.9),(398,3.9),(399,6.4),(400,5.5),(401,2.6),(402,7.6),(403,4.0),(404,7.4),(405,2.7),(406,8.8),(407,4.9),(408,2.4),(409,6.8),(410,6.7),(411,6.4),(412,1.9),(413,1.6),(414,1.3),(415,4.7),(416,8.7),(417,7.6),(418,5.4),(419,4.4),(420,7.4),(421,6.6),(422,7.8),(423,9.8),(424,7.1),(425,1.8),(426,6.9),(427,5.2),(428,1.8),(429,2.0),(430,4.0),(431,2.0),(432,8.2),(433,1.9),(434,8.0),(435,10.0),(436,4.3),(437,8.5),(438,4.2),(439,3.7),(440,6.7),(441,3.5),(442,4.8),(443,5.2),(444,1.3),(445,8.6),(446,3.8),(447,7.1),(448,9.0),(449,9.2),(450,9.3),(451,4.8),(452,3.9),(453,5.9),(454,6.4),(455,8.5),(456,1.3),(457,7.6),(458,3.0),(459,8.8),(460,4.0),(461,1.8),(462,2.1),(463,1.9),(464,8.4),(465,3.2),(466,3.9),(467,4.9),(468,1.7),(469,3.5),(470,9.7),(471,8.8),(472,4.8),(473,6.1),(474,6.5),(475,6.7),(476,3.0),(477,2.7),(478,8.7),(479,5.6),(480,4.5),(481,3.2),(482,1.5),(483,6.0),(484,2.5),(485,8.4),(486,7.5),(487,5.8),(488,3.9),(489,1.2),(490,4.2),(491,1.5),(492,7.1),(493,9.5),(494,9.9),(495,7.5),(496,3.4),(497,4.6),(498,8.2),(499,1.7),(500,6.8),(501,6.2),(502,6.0),(503,2.7),(504,7.8),(505,6.2),(506,1.8),(507,2.5),(508,1.4),(509,4.8),(510,3.2),(511,1.4),(512,1.4),(513,9.4),(514,7.2),(515,8.7),(516,9.6),(517,5.1),(518,5.7),(519,9.5),(520,2.2),(521,7.8),(522,1.3),(523,3.9),(524,1.8),(525,3.9),(526,6.9),(527,2.6),(528,5.4),(529,6.6),(530,7.7),(531,5.6),(532,1.7),(533,4.2),(534,8.5),(535,8.2),(536,8.3),(537,5.7),(538,7.8),(539,7.8),(540,3.0),(541,5.3),(542,2.9),(543,1.0),(544,6.4),(545,4.1),(546,6.0),(547,2.7),(548,7.0),(549,3.5),(550,3.2),(551,9.3),(552,6.2),(553,4.0),(554,6.7),(555,4.4),(556,5.0),(557,6.9),(558,9.4),(559,4.2),(560,6.9),(561,1.1),(562,3.3),(563,1.7),(564,1.2),(565,7.3),(566,1.4),(567,8.8),(568,4.3),(569,6.9),(570,7.5),(571,2.4),(572,8.3),(573,1.5),(574,4.9),(575,6.4),(576,7.3),(577,6.3),(578,8.7),(579,6.9),(580,3.4),(581,10.0),(582,4.2),(583,5.8),(584,8.9),(585,7.0),(586,7.7),(587,10.0),(588,7.1),(589,9.3),(590,6.9),(591,3.3),(592,6.4),(593,5.1),(594,7.3),(595,5.5),(596,7.4),(597,9.8),(598,4.4),(599,6.8),(600,8.9),(601,3.5),(602,9.5),(603,6.0),(604,4.2),(605,8.8),(606,4.3),(607,2.5),(608,1.0),(609,8.6),(610,7.2),(611,5.4),(612,1.4),(613,5.2),(614,2.8),(615,5.2),(616,4.2),(617,5.4),(618,5.5),(619,9.3),(620,7.1),(621,1.4),(622,7.2),(623,6.1),(624,1.5),(625,5.9),(626,8.5),(627,7.0),(628,9.5),(629,2.5),(630,3.6),(631,2.7),(632,5.3),(633,3.4),(634,5.3),(635,8.6),(636,5.7),(637,7.5),(638,7.6),(639,7.5),(640,8.9),(641,9.6),(642,9.8),(643,5.5),(644,6.7),(645,1.8),(646,6.0),(647,8.8),(648,6.8),(649,3.3),(650,6.3),(651,6.8),(652,9.4),(653,9.0),(654,6.0),(655,5.6),(656,1.5),(657,1.1),(658,8.4),(659,3.4),(660,5.7),(661,6.0),(662,9.9),(663,1.1),(664,4.4),(665,5.4),(666,9.7),(667,5.0),(668,4.1),(669,3.1),(670,4.8),(671,1.8),(672,3.2),(673,1.1),(674,2.6),(675,4.4),(676,8.7),(677,3.2),(678,7.3),(679,9.1),(680,6.9),(681,7.0),(682,3.8),(683,9.4),(684,6.0),(685,4.3),(686,7.5),(687,2.8),(688,9.4),(689,6.9),(690,1.3),(691,6.2),(692,4.2),(693,9.5),(694,4.7),(695,3.0),(696,4.1),(697,8.6),(698,3.8),(699,8.7),(700,6.8),(701,4.9),(702,8.5),(703,2.6),(704,9.0),(705,1.8),(706,6.2),(707,7.8),(708,4.3),(709,4.0),(710,7.0),(711,6.5),(712,1.2),(713,10.0),(714,10.0),(715,6.2),(716,7.8),(717,1.2),(718,9.4),(719,10.0),(720,4.9),(721,9.0),(722,8.9),(723,9.8),(724,9.9),(725,1.4),(726,2.3),(727,1.5),(728,6.1),(729,7.7),(730,5.6),(731,3.1),(732,1.8),(733,8.3),(734,9.1),(735,9.5),(736,6.4),(737,8.6),(738,3.5),(739,7.4),(740,2.6),(741,3.8),(742,9.2),(743,4.4),(744,6.4),(745,1.0),(746,8.6),(747,5.8),(748,4.7),(749,1.4),(750,5.7),(751,5.0),(752,4.6),(753,6.6),(754,7.5),(755,4.4),(756,9.1),(757,5.4),(758,2.7),(759,1.5),(760,6.9),(761,3.2),(762,6.0),(763,4.5),(764,8.3),(765,10.0),(766,2.5),(767,1.0),(768,3.9),(769,1.9),(770,6.9),(771,9.2),(772,7.6),(773,1.9),(774,2.9),(775,2.2),(776,5.2),(777,7.8),(778,7.3),(779,1.2),(780,9.3),(781,2.9),(782,3.1),(783,4.4),(784,2.4),(785,8.5),(786,6.9),(787,2.8),(788,7.0),(789,7.6),(790,5.3),(791,1.8),(792,8.8),(793,5.5),(794,9.8),(795,4.8),(796,8.4),(797,8.0),(798,8.5),(799,1.7),(800,9.8),(801,4.5),(802,8.3),(803,3.8),(804,2.2),(805,6.5),(806,1.5),(807,8.7),(808,6.3),(809,7.0),(810,1.9),(811,9.2),(812,6.3),(813,4.2),(814,1.7),(815,3.2),(816,1.3),(817,10.0),(818,6.9),(819,5.5),(820,2.1),(821,7.4),(822,4.9),(823,8.4),(824,3.7),(825,6.3),(826,5.3),(827,6.3),(828,2.4),(829,9.2),(830,8.6),(831,7.9),(832,6.8),(833,4.2),(834,1.3),(835,3.5),(836,9.4),(837,8.7),(838,9.8),(839,7.5),(840,1.6),(841,3.4),(842,2.1),(843,8.0),(844,4.4),(845,4.8),(846,1.8),(847,1.8),(848,6.9),(849,3.3),(850,7.2),(851,8.4),(852,7.1),(853,7.5),(854,3.2),(855,4.5),(856,6.0),(857,6.2),(858,8.8),(859,3.3),(860,4.1),(861,6.0),(862,9.7),(863,9.1),(864,2.9),(865,7.1),(866,7.3),(867,5.4),(868,4.8),(869,4.3),(870,2.5),(871,1.7),(872,5.6),(873,7.5),(874,5.3),(875,8.3),(876,2.7),(877,5.5),(878,1.3),(879,4.1),(880,7.6),(881,1.0),(882,5.6),(883,1.5),(884,6.1),(885,5.4),(886,1.9),(887,5.2),(888,9.8),(889,1.2),(890,5.2),(891,9.0),(892,3.0),(893,5.2),(894,2.3),(895,8.8),(896,7.2),(897,7.0),(898,2.6),(899,7.4),(900,3.4),(901,7.1),(902,3.5),(903,3.2),(904,5.8),(905,3.0),(906,7.9),(907,2.8),(908,7.6),(909,6.6),(910,9.0),(911,1.1),(912,2.7),(913,1.4),(914,8.7),(915,6.4),(916,1.6),(917,2.1),(918,7.8),(919,9.4),(920,2.2),(921,6.5),(922,1.3),(923,7.2),(924,4.6),(925,1.8),(926,8.0),(927,3.3),(928,3.5),(929,3.4),(930,9.0),(931,2.2),(932,9.4),(933,4.7),(934,4.3),(935,1.4),(936,6.1),(937,9.4),(938,1.6),(939,1.9),(940,1.5),(941,2.5),(942,8.6),(943,3.4),(944,4.5),(945,5.8),(946,6.5),(947,4.2),(948,8.4),(949,8.6),(950,6.7),(951,4.7),(952,9.6),(953,3.1),(954,9.5),(955,2.4),(956,8.0),(957,1.2),(958,5.4),(959,9.0),(960,1.9),(961,9.1),(962,1.8),(963,3.1),(964,4.8),(965,2.3),(966,7.3),(967,9.8),(968,2.7),(969,1.6),(970,5.8),(971,1.2),(972,5.9),(973,4.5),(974,5.2),(975,9.3),(976,3.2),(977,1.2),(978,1.4),(979,8.2),(980,9.0),(981,7.7),(982,1.9),(983,3.7),(984,6.0),(985,9.3),(986,3.9),(987,1.3),(988,4.6),(989,1.1),(990,3.7),(991,6.4),(992,2.0),(993,8.3),(994,3.8),(995,3.4),(996,2.1),(997,7.6),(998,9.7),(999,1.3),(1000,5.5);
/*!40000 ALTER TABLE `assignment` ENABLE KEYS */;
UNLOCK TABLES;

--
-- Table structure for table `solution`
--

DROP TABLE IF EXISTS `solution`;
/*!40101 SET @saved_cs_client     = @@character_set_client */;
/*!40101 SET character_set_client = utf8 */;
CREATE TABLE `solution` (
  `rating` decimal(10,1) DEFAULT NULL,
  `user_id` int(11) NOT NULL,
  `assignment_id` int(11) NOT NULL,
  PRIMARY KEY (`user_id`,`assignment_id`),
  KEY `id_idx` (`user_id`),
  KEY `assignment_id_idx` (`assignment_id`),
  CONSTRAINT `assignment_id` FOREIGN KEY (`assignment_id`) REFERENCES `assignment` (`id`) ON DELETE NO ACTION ON UPDATE NO ACTION,
  CONSTRAINT `user_id` FOREIGN KEY (`user_id`) REFERENCES `user` (`id`) ON DELETE NO ACTION ON UPDATE NO ACTION
) ENGINE=InnoDB DEFAULT CHARSET=utf8;
/*!40101 SET character_set_client = @saved_cs_client */;

--
-- Dumping data for table `solution`
--

LOCK TABLES `solution` WRITE;
/*!40000 ALTER TABLE `solution` DISABLE KEYS */;
INSERT INTO `solution` VALUES (8.3,1,603),(7.0,2,529),(5.9,2,687),(8.3,6,144),(8.2,6,573),(9.5,7,455),(4.6,8,724),(5.8,9,784),(3.6,10,662),(9.3,10,917),(4.1,11,112),(5.0,12,134),(3.2,13,99),(1.9,14,328),(9.9,16,277),(3.4,16,606),(6.4,16,731),(9.7,17,59),(2.9,17,566),(9.1,19,147),(7.0,19,597),(8.6,19,851),(2.0,20,705),(5.1,22,561),(6.9,23,551),(5.1,24,785),(3.3,25,951),(8.1,30,199),(3.4,31,568),(4.2,32,319),(3.9,33,39),(5.8,33,133),(7.8,34,263),(3.0,34,443),(7.2,35,806),(4.4,37,57),(1.7,39,392),(6.4,39,588),(6.5,41,121),(4.6,41,416),(5.7,42,56),(4.5,43,881),(9.3,44,593),(6.8,45,204),(4.6,46,872),(7.9,47,586),(2.3,47,945),(4.1,48,233),(1.2,48,380),(1.0,48,508),(9.0,48,594),(6.0,48,927),(1.3,49,438),(7.9,50,127),(5.1,50,940),(6.1,51,625),(4.2,51,652),(7.1,51,737),(1.8,52,381),(4.4,54,753),(2.2,58,28),(9.2,58,151),(2.8,58,795),(3.1,59,254),(8.6,59,900),(7.1,62,131),(6.3,62,395),(7.0,62,441),(5.0,62,640),(6.5,63,788),(9.4,63,877),(3.6,64,274),(6.9,65,735),(3.2,66,57),(6.6,68,998),(3.2,69,614),(7.2,70,954),(6.5,73,899),(5.0,74,785),(2.8,75,150),(9.7,76,47),(1.8,77,374),(1.5,77,554),(6.2,77,563),(8.9,78,503),(2.4,78,561),(8.3,79,217),(9.4,80,113),(2.3,80,797),(3.4,81,551),(4.9,82,422),(5.2,82,427),(2.1,82,824),(3.7,84,59),(6.2,84,593),(1.1,85,945),(6.4,87,510),(4.5,88,32),(8.2,88,399),(8.9,90,209),(7.3,91,343),(4.7,91,758),(4.5,91,768),(1.6,91,957),(7.9,92,561),(8.5,92,936),(6.3,93,415),(3.7,94,591),(3.2,94,643),(4.6,95,198),(4.4,100,440),(5.8,102,755),(2.5,103,822),(1.3,104,315),(2.7,105,321),(4.8,106,639),(8.7,107,861),(9.6,108,550),(8.0,110,793),(9.7,112,889),(6.8,113,194),(4.2,114,118),(8.7,114,668),(6.1,115,914),(7.6,117,579),(7.5,117,799),(8.8,118,48),(10.0,119,173),(1.2,119,639),(8.5,119,788),(6.5,120,551),(2.2,121,386),(2.5,121,466),(5.3,121,587),(3.1,123,807),(4.0,127,195),(2.5,127,714),(5.0,127,735),(9.5,127,755),(2.6,129,214),(3.2,129,950),(7.5,130,741),(2.4,131,81),(2.2,132,373),(2.6,132,561),(2.2,135,459),(5.1,136,416),(4.3,137,878),(4.5,139,88),(4.5,140,510),(1.2,140,895),(9.6,141,534),(6.2,143,342),(8.8,143,918),(8.5,144,580),(1.0,145,423),(3.0,145,955),(9.7,146,399),(5.1,146,531),(4.4,147,167),(1.7,149,98),(5.8,149,398),(9.8,150,764),(9.0,152,972),(4.1,153,163),(8.7,153,193),(5.5,153,770),(4.0,154,548),(4.2,154,965),(2.3,155,330),(8.3,155,781),(9.4,156,181),(7.0,157,905),(2.8,158,444),(1.7,158,919),(8.7,159,240),(2.1,159,787),(5.0,160,287),(2.4,160,556),(1.4,160,971),(5.9,160,997),(8.0,162,192),(9.0,164,433),(3.2,165,468),(5.5,165,696),(7.9,168,86),(2.7,168,217),(2.3,168,347),(4.7,169,577),(2.0,169,686),(7.5,170,240),(5.8,171,9),(4.3,172,62),(4.8,173,436),(6.8,174,722),(2.0,176,291),(2.3,181,586),(3.0,181,707),(7.8,183,863),(8.7,185,230),(8.8,185,956),(9.1,188,453),(6.7,189,330),(4.7,190,103),(6.6,190,504),(4.4,190,935),(7.3,191,673),(3.4,194,729),(1.2,195,244),(2.7,197,259),(6.8,197,614),(3.1,197,771),(9.3,197,788),(9.8,198,864),(8.8,199,48),(6.6,200,198),(8.7,201,782),(8.4,203,701),(1.2,204,68),(4.5,205,621),(6.9,206,111),(4.9,208,798),(9.5,210,752),(8.1,211,765),(9.4,211,992),(3.3,212,280),(6.9,212,420),(9.7,213,642),(10.0,214,128),(1.6,214,264),(5.7,214,559),(8.7,218,212),(2.4,218,274),(1.3,218,347),(3.8,219,84),(7.5,220,154),(9.2,220,330),(5.6,222,409),(2.4,223,433),(4.9,223,977),(5.7,224,76),(7.9,227,186),(7.3,228,529),(4.3,228,986),(1.3,229,685),(4.3,229,805),(9.4,229,943),(4.2,230,17),(8.5,230,96),(8.5,230,116),(7.4,233,24),(6.6,234,736),(2.4,237,592),(8.7,239,22),(8.2,242,90),(7.8,243,463),(9.1,245,502),(9.8,246,384),(7.4,248,534),(8.3,248,788),(9.2,250,175),(1.7,252,27),(6.5,252,504),(1.8,254,595),(7.1,256,52),(1.9,256,581),(6.1,256,681),(5.1,257,121),(7.5,258,636),(6.0,259,666),(4.0,260,821),(4.2,260,954),(6.9,261,49),(4.8,264,209),(7.7,265,568),(2.7,265,708),(3.8,266,956),(3.5,267,942),(7.6,268,246),(6.0,268,714),(2.7,269,433),(4.8,271,85),(3.1,271,272),(9.5,273,382),(6.4,273,797),(7.3,274,315),(4.4,274,490),(2.4,274,773),(3.5,275,226),(1.3,279,364),(7.7,280,251),(1.6,282,661),(6.5,283,487),(2.2,284,549),(8.6,286,782),(8.0,287,98),(9.3,287,360),(6.4,287,569),(2.5,288,846),(10.0,289,50),(7.2,290,960),(3.1,293,254),(7.7,294,997),(2.5,295,750),(1.3,297,621),(5.4,297,735),(5.3,298,653),(5.5,300,905),(1.4,301,222),(5.5,301,799),(3.1,302,664),(4.5,303,818),(3.2,304,383),(5.1,309,78),(5.9,309,629),(6.9,311,181),(3.8,311,570),(8.2,312,324),(9.7,312,521),(9.0,315,259),(1.7,315,847),(1.4,318,370),(2.8,319,93),(6.7,320,210),(2.8,320,649),(1.2,322,981),(5.9,323,644),(6.0,326,409),(1.5,326,697),(6.3,327,167),(1.7,327,309),(7.8,327,655),(3.5,331,446),(6.1,331,499),(8.0,332,734),(4.0,334,242),(2.0,336,791),(5.5,336,828),(3.4,337,402),(1.9,337,471),(4.9,339,447),(6.3,339,870),(7.6,342,383),(2.2,342,464),(9.7,343,2),(8.4,344,365),(9.6,344,756),(3.7,346,480),(1.5,347,500),(7.5,347,901),(2.0,348,712),(2.9,349,211),(9.4,349,882),(6.0,351,296),(7.4,357,880),(9.3,359,870),(9.0,359,887),(8.2,359,993),(7.9,360,44),(1.6,360,57),(9.6,360,657),(9.4,360,840),(6.5,361,410),(5.1,363,120),(6.2,363,371),(1.8,365,155),(9.4,366,111),(2.5,366,269),(7.9,366,711),(7.5,368,380),(3.9,371,200),(8.1,371,332),(9.5,372,25),(3.1,372,128),(6.8,376,332),(5.4,376,521),(6.2,378,725),(5.5,379,411),(6.5,381,800),(1.0,381,870),(7.3,382,146),(5.2,382,194),(2.8,382,702),(6.3,382,919),(9.3,383,572),(7.4,383,893),(5.6,385,503),(9.5,386,833),(4.2,389,261),(4.9,390,42),(3.4,390,807),(6.8,390,947),(5.9,392,330),(5.9,392,380),(7.2,393,108),(7.2,394,846),(4.0,395,527),(3.2,396,91),(8.9,396,109),(9.8,397,547),(1.3,399,853),(8.7,400,596),(9.9,401,996),(5.7,403,195),(7.9,403,444),(1.7,404,346),(9.9,404,451),(2.2,405,68),(6.9,406,508),(9.7,406,611),(9.3,407,449),(7.0,409,533),(1.1,409,678),(4.1,411,457),(7.7,412,253),(2.4,412,980),(9.5,413,831),(4.6,413,842),(2.2,417,405),(4.8,418,151),(6.3,418,938),(5.7,419,291),(3.9,421,522),(7.1,423,937),(1.5,423,946),(6.9,424,958),(9.6,425,68),(2.8,426,890),(6.6,428,253),(4.7,428,886),(6.9,432,7),(1.0,432,787),(3.5,434,717),(7.1,437,394),(2.5,438,50),(2.1,438,321),(1.5,439,728),(9.0,440,524),(4.4,440,567),(5.7,443,592),(5.5,444,104),(2.6,445,339),(2.9,447,66),(9.5,449,115),(3.3,449,561),(1.7,450,156),(2.4,450,555),(4.9,450,560),(3.5,453,238),(8.7,453,638),(5.3,453,803),(2.7,454,34),(5.4,455,443),(4.6,460,155),(2.0,460,705),(3.5,460,832),(4.7,462,285),(2.5,462,487),(2.8,463,203),(4.6,464,135),(9.0,464,581),(2.4,466,872),(9.2,469,206),(1.0,469,883),(6.0,470,16),(2.0,472,170),(1.9,472,289),(2.0,474,99),(5.9,474,541),(2.0,475,276),(5.1,475,607),(8.9,476,208),(9.0,476,570),(2.8,477,935),(2.6,478,908),(7.1,479,830),(8.3,479,840),(4.0,485,300),(8.8,486,212),(8.5,486,598),(6.3,488,619),(9.9,490,546),(1.4,490,657),(7.4,494,948),(8.5,495,906),(9.7,496,221),(2.9,498,10),(9.6,498,56),(1.8,498,389),(7.6,498,700),(8.5,499,339),(8.8,500,40),(8.3,500,410),(8.0,500,905),(2.8,500,915),(5.8,501,73),(1.6,501,262),(4.5,502,101),(5.4,503,730),(6.8,503,814),(4.7,505,501),(4.2,507,365),(7.6,507,512),(4.6,508,183),(7.4,508,861),(4.0,509,443),(9.3,510,124),(6.7,510,235),(3.6,510,421),(1.6,512,4),(8.4,513,239),(4.9,514,308),(6.7,514,546),(1.7,518,218),(7.1,518,788),(1.8,518,818),(3.8,519,182),(6.1,521,209),(4.9,522,142),(8.8,523,227),(8.1,523,613),(6.9,527,646),(1.8,527,985),(6.6,528,494),(1.5,529,951),(1.3,532,295),(9.3,532,716),(6.8,534,574),(5.9,537,267),(5.9,539,204),(4.4,539,220),(9.8,539,564),(5.6,540,455),(4.3,540,854),(2.4,541,763),(4.2,542,256),(7.1,542,603),(8.6,543,71),(9.2,543,218),(4.4,543,221),(4.8,544,871),(7.0,545,777),(7.4,546,527),(8.7,546,729),(4.1,548,874),(8.7,549,19),(9.1,552,677),(7.8,552,931),(3.5,554,190),(5.5,555,400),(2.9,555,728),(6.7,555,755),(2.4,555,805),(9.9,556,846),(6.5,558,445),(9.7,558,955),(3.9,559,943),(7.5,560,149),(5.0,561,227),(7.4,562,586),(9.8,563,123),(4.7,563,136),(9.4,563,966),(2.3,565,753),(6.9,565,953),(3.1,568,141),(9.7,569,736),(7.4,569,799),(3.5,570,347),(7.9,571,213),(2.0,571,550),(4.3,572,10),(4.9,573,446),(3.2,574,691),(4.9,575,991),(5.0,577,218),(1.5,577,349),(2.4,580,290),(3.7,581,409),(2.5,582,259),(5.0,584,83),(9.5,584,804),(4.5,584,897),(2.9,585,327),(8.5,585,926),(3.6,586,94),(2.6,586,375),(8.5,587,577),(1.8,587,634),(4.4,587,851),(6.4,588,423),(5.9,588,824),(3.5,589,48),(4.2,589,891),(8.4,589,938),(6.6,589,959),(8.0,594,194),(6.2,594,343),(2.0,594,769),(7.1,597,539),(5.1,598,114),(4.5,598,412),(8.4,598,423),(5.7,598,630),(6.2,600,100),(6.2,600,804),(4.4,601,19),(4.7,602,238),(9.2,603,588),(8.3,604,132),(1.9,604,311),(4.1,605,491),(2.5,606,363),(7.0,606,898),(5.1,608,415),(4.3,608,490),(2.8,609,244),(6.2,612,837),(8.1,612,953),(3.9,613,592),(6.6,614,21),(1.2,614,199),(5.9,614,225),(7.7,614,533),(2.8,614,999),(1.9,617,471),(5.5,617,672),(9.7,619,442),(8.6,620,364),(8.0,620,722),(9.3,621,670),(5.2,623,350),(4.9,624,208),(6.9,627,663),(4.0,628,244),(8.7,628,249),(5.3,629,272),(6.0,629,835),(5.1,631,509),(7.2,631,944),(9.5,632,137),(6.4,633,448),(1.8,633,627),(3.7,634,544),(1.7,635,67),(1.2,637,79),(9.2,637,411),(6.5,639,763),(7.0,639,898),(9.0,640,246),(5.1,641,480),(4.6,642,329),(1.8,644,284),(7.4,646,373),(1.2,646,887),(2.4,647,192),(1.0,647,919),(3.6,648,635),(7.1,649,321),(4.9,650,214),(3.2,650,970),(7.4,651,451),(3.0,653,454),(5.5,654,398),(2.7,655,166),(1.7,655,245),(6.0,657,366),(9.7,657,531),(2.4,658,154),(5.8,660,396),(8.2,660,942),(5.8,661,111),(2.9,661,619),(1.4,662,348),(5.2,662,729),(8.3,664,38),(4.1,665,154),(4.7,665,236),(6.2,665,383),(1.7,665,466),(8.4,665,629),(2.7,666,603),(2.8,668,87),(8.9,669,113),(6.9,669,558),(5.2,669,926),(2.5,669,947),(7.2,671,743),(9.6,672,27),(6.6,672,618),(9.5,673,494),(2.0,674,419),(9.6,680,159),(6.6,680,828),(3.7,680,924),(9.8,681,255),(1.9,683,579),(5.0,685,34),(2.5,685,99),(5.0,685,801),(5.1,686,36),(8.2,687,453),(3.5,687,457),(4.9,689,22),(7.9,694,424),(8.5,694,466),(3.5,694,522),(8.5,694,554),(6.2,695,217),(1.4,696,528),(4.2,696,839),(2.0,697,742),(3.9,697,966),(7.8,698,38),(7.8,698,294),(6.5,699,598),(3.9,701,167),(2.0,701,507),(5.3,703,758),(6.4,705,798),(1.8,706,13),(4.1,706,164),(7.7,707,37),(6.1,707,987),(9.9,708,399),(2.6,711,829),(5.6,713,461),(1.9,714,278),(9.7,714,469),(9.0,714,863),(8.9,715,248),(8.2,717,580),(7.5,719,223),(1.2,722,728),(7.8,722,738),(6.8,723,990),(8.3,724,666),(6.7,725,139),(5.6,725,297),(6.8,725,708),(1.8,726,169),(1.7,726,258),(1.1,727,192),(7.6,727,894),(5.6,728,784),(9.7,728,947),(8.7,730,456),(3.9,731,819),(1.0,731,869),(1.8,734,16),(8.9,736,141),(5.8,740,401),(4.6,740,567),(9.7,740,655),(5.5,741,668),(8.0,742,141),(9.8,742,437),(5.1,743,805),(6.0,744,173),(8.4,745,250),(8.3,746,571),(1.6,749,545),(3.2,749,901),(1.2,749,968),(8.9,758,507),(7.6,760,95),(3.8,760,380),(9.7,761,38),(1.8,763,130),(9.4,763,151),(9.3,763,881),(1.5,763,977),(7.1,765,379),(8.1,765,485),(2.2,766,192),(8.2,766,253),(4.6,767,476),(1.6,767,640),(7.1,769,78),(5.4,769,770),(1.2,770,6),(3.0,773,47),(2.8,773,201),(2.1,773,423),(4.3,773,584),(3.7,774,395),(5.2,774,472),(1.8,777,357),(4.9,777,827),(9.4,779,578),(7.7,780,569),(7.6,781,619),(4.3,781,757),(7.8,783,20),(1.5,783,229),(4.6,783,967),(5.6,785,631),(8.2,789,175),(4.8,790,901),(3.7,791,338),(7.7,791,677),(3.5,792,494),(4.6,794,698),(10.0,795,739),(5.6,796,619),(3.9,797,773),(6.8,798,16),(8.8,798,279),(2.5,798,761),(6.2,802,529),(6.6,803,435),(3.3,804,479),(9.1,805,511),(4.7,805,905),(7.7,807,76),(8.2,808,139),(1.4,808,205),(2.5,811,357),(9.2,814,595),(10.0,814,880),(3.4,815,31),(9.8,817,141),(3.5,818,452),(6.3,820,732),(9.5,822,923),(9.6,823,589),(8.7,823,706),(8.1,824,932),(8.2,825,206),(4.5,825,437),(3.5,825,816),(7.6,826,275),(2.0,826,297),(3.0,826,518),(1.6,827,729),(8.1,829,943),(4.9,830,153),(4.5,831,769),(4.8,832,219),(6.8,832,294),(2.9,832,353),(5.9,833,446),(1.3,835,141),(5.2,835,679),(2.6,835,991),(3.3,837,309),(5.3,837,688),(2.9,837,712),(5.2,838,699),(3.2,839,291),(4.1,840,975),(1.4,842,192),(3.0,843,961),(8.4,845,413),(4.2,845,543),(8.7,847,232),(5.0,847,629),(4.1,850,606),(3.0,851,129),(5.0,852,491),(8.7,852,540),(7.9,854,292),(3.1,858,150),(3.5,858,493),(2.3,858,980),(1.2,861,27),(9.1,861,336),(7.8,861,709),(2.3,862,368),(8.6,863,155),(5.0,864,688),(1.1,865,197),(1.4,865,440),(9.6,865,560),(5.8,865,896),(1.0,866,999),(8.8,867,203),(8.2,868,446),(6.9,869,524),(6.2,873,872),(9.5,874,667),(4.0,876,551),(1.1,879,847),(4.8,880,93),(5.6,880,207),(8.5,882,15),(9.5,883,38),(3.6,884,426),(9.5,885,191),(7.9,885,855),(7.2,886,996),(9.8,887,542),(9.7,888,15),(2.7,888,600),(1.6,890,201),(7.1,891,136),(4.8,892,545),(7.7,893,827),(2.7,893,981),(3.1,894,318),(9.0,897,170),(2.9,897,477),(7.2,898,155),(8.8,899,39),(7.3,899,689),(3.4,901,120),(1.5,902,178),(9.7,902,189),(9.7,902,900),(5.5,905,908),(6.3,906,213),(1.7,907,207),(8.7,908,455),(3.9,908,875),(2.8,909,504),(3.5,909,507),(3.8,909,790),(2.2,912,635),(9.8,913,846),(2.6,913,921),(3.1,914,569),(6.7,915,6),(3.1,915,505),(7.6,916,456),(1.6,916,842),(3.4,918,245),(4.3,918,322),(7.1,919,807),(4.5,920,524),(5.5,920,676),(6.7,920,765),(5.8,925,283),(7.1,925,569),(9.2,925,790),(9.0,925,863),(5.8,926,733),(9.0,926,802),(4.2,927,663),(7.3,935,43),(1.8,935,356),(9.5,935,371),(5.3,935,906),(5.1,938,609),(8.6,941,405),(4.2,942,175),(1.7,942,882),(8.4,943,87),(5.3,944,446),(5.8,945,950),(1.4,949,6),(1.2,949,242),(6.8,952,51),(5.4,952,117),(8.9,956,505),(4.6,957,479),(9.7,958,109),(3.0,958,344),(1.3,958,789),(9.4,959,298),(7.8,960,758),(4.7,961,14),(5.0,962,151),(5.0,962,506),(2.1,962,553),(2.3,963,74),(5.7,963,636),(2.3,964,839),(5.5,964,999),(1.8,965,242),(1.5,966,147),(1.9,968,607),(1.8,968,790),(9.2,969,794),(6.5,970,821),(2.9,970,940),(2.6,972,213),(1.3,974,920),(9.7,975,728),(4.5,976,545),(6.8,976,767),(3.0,976,988),(4.7,977,234),(1.1,977,583),(7.0,978,825),(7.4,981,650),(5.9,984,164),(5.9,984,502),(4.5,985,977),(1.5,986,109),(3.9,990,27),(9.1,991,484),(3.2,991,510),(4.3,991,818),(7.6,995,547),(6.7,995,842),(2.8,996,459),(5.0,996,900),(8.6,997,480),(9.6,997,665),(5.2,998,402);
/*!40000 ALTER TABLE `solution` ENABLE KEYS */;
UNLOCK TABLES;

--
-- Table structure for table `user`
--

DROP TABLE IF EXISTS `user`;
/*!40101 SET @saved_cs_client     = @@character_set_client */;
/*!40101 SET character_set_client = utf8 */;
CREATE TABLE `user` (
  `id` int(11) NOT NULL AUTO_INCREMENT,
  `name` varchar(255) DEFAULT NULL,
  `rating` decimal(10,1) DEFAULT NULL,
  PRIMARY KEY (`id`)
) ENGINE=InnoDB AUTO_INCREMENT=1001 DEFAULT CHARSET=utf8;
/*!40101 SET character_set_client = @saved_cs_client */;

--
-- Dumping data for table `user`
--

LOCK TABLES `user` WRITE;
/*!40000 ALTER TABLE `user` DISABLE KEYS */;
INSERT INTO `user` VALUES (1,'Ennis Churm',7.6),(2,'Holly Tredger',8.3),(3,'Concettina Noton',4.3),(4,'Ado Alexsandrowicz',3.6),(5,'Allard Legg',6.3),(6,'Shurlocke Melross',2.4),(7,'Liesa Fardell',6.7),(8,'Elli Brundill',9.4),(9,'Osbourn Fritschel',2.2),(10,'Ole Feary',8.8),(11,'Adelina Ades',6.9),(12,'Egor Ludlom',4.1),(13,'Derk Storr',3.6),(14,'Pinchas Lucian',3.9),(15,'Nola Wybrow',3.0),(16,'Desmund Yewdall',6.5),(17,'Hailey Gubbin',7.6),(18,'Klaus Hankinson',7.8),(19,'Terese Fairlie',4.3),(20,'Mahala Lavalle',7.2),(21,'Yolande Cranton',5.7),(22,'Donal Pykerman',3.2),(23,'Mata Robillard',5.3),(24,'Serene Lowin',5.8),(25,'Stephenie Valek',3.5),(26,'Allyson Zimmermeister',7.0),(27,'Hedvige Pendergast',2.8),(28,'Erma Bencher',7.6),(29,'Sheridan Rudolph',8.4),(30,'Matthew Quenby',6.0),(31,'Marice Dyke',4.7),(32,'Khalil Hardware',2.4),(33,'Filip Grieve',8.3),(34,'Pearline Lynas',4.0),(35,'Antonella Jannasch',8.7),(36,'Idalia Brackley',3.5),(37,'Waverly Carncross',7.2),(38,'Gladi Radki',9.2),(39,'Elbertina Tomkinson',8.7),(40,'Bailie Catlow',9.4),(41,'Kurt Sidey',4.9),(42,'Massimiliano Witty',6.0),(43,'Annelise Letcher',4.1),(44,'Ahmed Baudacci',8.9),(45,'Isis Kaspar',4.2),(46,'Madel O\'Lagen',5.3),(47,'Berk O\'Conor',1.7),(48,'Randa Doughty',4.3),(49,'Sibella Shotboulte',5.9),(50,'Nickola Caveney',2.1),(51,'Shir Bruneton',5.1),(52,'Alva Mumberson',7.5),(53,'Brigitta Sandwith',9.4),(54,'Dunn Chilley',3.8),(55,'Evangelia Pearmine',3.5),(56,'Nicholle Swatland',3.1),(57,'Billie Maton',3.0),(58,'Elene Fildery',7.5),(59,'Vitoria Frascone',6.7),(60,'Pegeen Symcock',4.5),(61,'Silas Wellard',3.1),(62,'Yvon Ernke',8.6),(63,'Leesa Catcherside',5.0),(64,'Pierette Beebe',5.1),(65,'Chaddie Botton',3.8),(66,'Gawain Reitenbach',8.7),(67,'Bartolomeo Canty',3.7),(68,'Nickey Stoven',6.5),(69,'Lorilyn Lefeaver',2.8),(70,'Lisha Humber',7.0),(71,'Abelard Londing',4.5),(72,'Denna Penner',7.1),(73,'Ashly Preto',7.8),(74,'Osbourne Rheam',8.7),(75,'Neda Curtin',5.7),(76,'Pryce Kellar',2.9),(77,'Wildon Busek',3.6),(78,'Blythe Grissett',3.2),(79,'Cynthy Leopard',9.6),(80,'Tobe Kyston',2.8),(81,'Casey Demoge',9.3),(82,'Pavlov Cotman',8.6),(83,'Bank Rogez',9.3),(84,'Blinny Stuer',4.6),(85,'Ninetta Ormonde',9.2),(86,'Marissa Beaument',3.3),(87,'Gilberte Gorger',9.3),(88,'Celinka Blundan',4.8),(89,'Devonna Weeks',9.5),(90,'Gilemette Hadrill',3.2),(91,'Kain Hucknall',9.7),(92,'Cchaddie Rawls',3.4),(93,'Patience Jepps',8.1),(94,'Jeremias McDugal',9.6),(95,'Jared Klement',4.2),(96,'Becka Asel',9.9),(97,'Daniella Cammack',4.9),(98,'Ingaborg Thorald',2.2),(99,'Barri Leftwich',1.6),(100,'Lettie Fleming',7.4),(101,'Aarika Wildgoose',2.7),(102,'Cam Yantsev',5.4),(103,'Mellisa Brawn',9.4),(104,'Jefferey Garms',8.9),(105,'Weider Le Bosse',4.0),(106,'Coraline Doelle',9.6),(107,'Ki Peterson',9.9),(108,'Chicky Andriss',6.5),(109,'Sherill Jorin',8.4),(110,'Chic Owenson',6.9),(111,'Ludwig Caser',8.8),(112,'Sidonnie Oakden',8.2),(113,'Robyn Siemandl',4.0),(114,'Eveleen Batchelder',1.5),(115,'Carr Villa',4.1),(116,'Elsi Eatock',9.0),(117,'Dagmar Carrett',8.0),(118,'Angela Rabbage',2.3),(119,'Wilek Peres',6.7),(120,'Judi McGilvray',4.7),(121,'Catherine Cambden',2.3),(122,'Belvia Verrier',6.0),(123,'Lindy Mingay',3.8),(124,'Anne Caroline',9.0),(125,'Perrine Vagg',2.4),(126,'Anetta Shevelin',3.9),(127,'Rozina Le Noire',4.2),(128,'Concordia Weare',6.7),(129,'Roy Humburton',6.5),(130,'Jolene Ovendale',9.4),(131,'Tamra Lippatt',6.6),(132,'Ulick Kirgan',2.2),(133,'Bronny Pashen',5.2),(134,'Mehetabel Yeardley',3.4),(135,'Estrella Budding',2.9),(136,'Jeanine Scafe',5.1),(137,'Grady Lillistone',5.0),(138,'Opalina Lutz',5.2),(139,'Lexy Bigadike',4.3),(140,'Frieda Elwin',7.2),(141,'Sandro Hackworth',7.7),(142,'Monty Durrell',7.6),(143,'Lesly Genike',4.4),(144,'Mikol Edmons',5.2),(145,'Raffarty Musto',9.2),(146,'Gussy Upstone',3.2),(147,'Svend Buesnel',3.1),(148,'Stanwood Dagworthy',1.8),(149,'Clair Chilcott',7.9),(150,'Leland Finlayson',4.4),(151,'Reube Willans',5.8),(152,'Marguerite Fenna',3.9),(153,'Maurizia Rubinsztein',3.7),(154,'Mirilla Payton',8.6),(155,'Amelie Autie',4.4),(156,'Edik Mc Kellen',7.6),(157,'Jasper Vasser',5.2),(158,'Sampson Snawden',9.3),(159,'Thurstan Lewsley',6.7),(160,'Amerigo Gisbye',4.4),(161,'Tallie Skirving',3.5),(162,'Dorrie Reuble',9.9),(163,'Wolf Wrout',8.6),(164,'Ellery Barltrop',8.8),(165,'Gaston Spilsburie',6.3),(166,'Lorrie Starsmore',5.8),(167,'Faun Frobisher',6.4),(168,'Vick Dempster',6.1),(169,'Tana Bigglestone',5.6),(170,'Emmit Boyall',1.5),(171,'Illa Clelle',9.2),(172,'Brena Barfoot',7.1),(173,'Sinclare Buff',7.9),(174,'Brion Debold',1.5),(175,'Ernest Quarrie',5.5),(176,'Carlo Rasher',7.6),(177,'Shirline Daughtrey',5.9),(178,'Afton Di Gregorio',3.1),(179,'Pattie Drackford',8.5),(180,'Grenville Tubbles',7.6),(181,'Celle Muspratt',9.6),(182,'Lettie Iremonger',4.4),(183,'Helene Barter',2.3),(184,'Shay Isakovitch',7.1),(185,'Sarge Yuranovev',8.7),(186,'Di Torrisi',9.3),(187,'Rutherford Batten',2.3),(188,'Rica Lademann',6.5),(189,'Gunilla Tonkin',4.3),(190,'Alikee Francklin',1.2),(191,'Ferris Bolf',1.2),(192,'Dian Unger',8.1),(193,'Ira Caldecot',7.6),(194,'Kizzie Barsam',2.1),(195,'Tracie Babbe',9.5),(196,'Arty Noades',2.0),(197,'Ambur Fanshaw',6.6),(198,'Daryl Coils',4.4),(199,'Romola Sammes',4.1),(200,'Pen Behagg',5.0),(201,'Shelton Reppaport',9.0),(202,'Janina Whitwood',1.4),(203,'Inez Hazeldine',2.8),(204,'Birdie MacVaugh',2.7),(205,'Guido Goulding',5.1),(206,'Laraine Ruffell',9.6),(207,'Claudianus Sherar',6.6),(208,'Sallyanne Brittan',8.3),(209,'Edna Brooking',2.3),(210,'Thadeus Cathel',1.1),(211,'Leeland Houlaghan',6.9),(212,'Garner Radke',8.8),(213,'Maurie Guerrero',8.0),(214,'Antoinette Steptow',3.5),(215,'Nickie MacGowing',7.7),(216,'Lilith Keysall',9.7),(217,'Kingston Waplinton',9.8),(218,'Amberly Camber',4.7),(219,'Val Caraher',6.0),(220,'Ruperto Dorsey',2.0),(221,'Ola Marty',2.8),(222,'Humfrey Grandison',2.9),(223,'Bren Dorrian',1.5),(224,'Ronica Greenham',2.5),(225,'Sanson Agastina',1.8),(226,'Gabriello Slade',7.2),(227,'Paige Grigoriev',9.5),(228,'Eleanora Shimwall',3.4),(229,'Kayle Stapele',8.5),(230,'Trish Benditt',1.0),(231,'Angy Carabine',4.2),(232,'Marlee Geldert',6.1),(233,'Nydia Guiduzzi',7.6),(234,'Stephani Nesby',7.1),(235,'Gilburt Robecon',4.4),(236,'Andris Malley',4.7),(237,'Iggy Demead',6.9),(238,'Joe Neild',3.7),(239,'Austin Borrill',2.9),(240,'Dicky Priddy',3.6),(241,'Romain Eakeley',1.1),(242,'Brice Crucitti',9.5),(243,'Jacquie Benoi',3.4),(244,'Monica Renoden',6.8),(245,'Melany Starbeck',8.1),(246,'Kennith Balke',8.7),(247,'Ariel Potteril',2.6),(248,'Annecorinne Craigg',6.4),(249,'Henriette Neubigging',5.2),(250,'Melita Botly',3.6),(251,'Florrie Thorndale',8.0),(252,'Caleb Fowler',8.6),(253,'Nikos Scotson',2.3),(254,'Emili Gustus',8.8),(255,'Gaynor Veale',3.3),(256,'Teodoor McCaughren',7.9),(257,'Zora Bearham',9.6),(258,'Skye Plume',2.4),(259,'Moira Dalgardno',2.2),(260,'Wain Djorevic',5.6),(261,'Carmencita Peele',3.6),(262,'Meg Rojas',4.4),(263,'Loleta Matsell',4.1),(264,'Isacco Rugieri',5.3),(265,'Addia Iles',7.1),(266,'Suki Righy',8.3),(267,'Sibyl Siddeley',5.0),(268,'Anabal Currell',7.5),(269,'Meridel Eadmead',9.4),(270,'Elijah Reuven',9.0),(271,'Matthias Phillipson',6.6),(272,'Jo Burbridge',7.9),(273,'Jayme Pioch',7.7),(274,'Terencio MacVay',9.0),(275,'Kalvin Semark',3.6),(276,'Colan Cawker',4.3),(277,'Brianna Duddy',4.2),(278,'Zorine Castaignet',4.2),(279,'Ernest Brawson',5.4),(280,'Vilhelmina Tomaszynski',1.8),(281,'Ernesta Chevalier',5.1),(282,'Deidre Swatland',4.4),(283,'Zacharias Learmonth',4.0),(284,'Joelynn Klouz',5.9),(285,'Banky Chaffen',3.0),(286,'Theodor McCloid',3.2),(287,'Stafani Clerc',3.5),(288,'Dorthea Weyland',8.1),(289,'Felecia Feasley',1.2),(290,'Saleem Coaker',7.7),(291,'Gusty Vasishchev',1.9),(292,'Conrade O\'Fihily',6.0),(293,'Shaylah Kinker',9.2),(294,'Kathye Terbrugge',5.6),(295,'Luisa Bugby',6.0),(296,'Kermit Hewins',6.1),(297,'Guntar Etuck',5.2),(298,'Odele Challes',9.9),(299,'Ethelin Penquet',1.0),(300,'Britney Gogan',6.6),(301,'Neville Tenbrug',3.1),(302,'Francisca Bohman',9.9),(303,'Lucita Woodyeare',1.9),(304,'Bertie Everson',5.5),(305,'Ambur Wilkie',8.5),(306,'Lindi Duthie',4.3),(307,'Ellary Cloney',6.7),(308,'Jody Tarver',4.3),(309,'Iain Burg',2.5),(310,'Taryn Yong',5.6),(311,'Dorise Maxwaile',4.1),(312,'Jarrett Wapol',4.5),(313,'Myrlene Housley',6.9),(314,'Vernen Eastlake',1.4),(315,'Adolpho Batcheldor',8.5),(316,'Emery Paulley',7.0),(317,'Jamey Edowes',2.2),(318,'Libbi Van der Veldt',4.1),(319,'Aylmer Monckton',6.1),(320,'Laurel Paolotto',3.2),(321,'Sonya Sapshed',6.7),(322,'Casandra Ryall',2.2),(323,'Mandy Giffon',7.0),(324,'Ilyse Dafter',9.9),(325,'Nikolas Whitfield',1.3),(326,'Tome Ayce',4.8),(327,'Morna Spellacy',6.8),(328,'Katee Aslum',5.8),(329,'Gibby Simmonite',7.4),(330,'Madalena Morrid',4.9),(331,'Ogdan Martins',6.1),(332,'Cahra Cudiff',9.2),(333,'Leela Ambrose',7.6),(334,'Vinson Opy',4.5),(335,'Ondrea Rugiero',9.7),(336,'Nickolaus Jannequin',8.8),(337,'Windham Colam',2.6),(338,'Matteo Stebbin',7.5),(339,'Nonnah Filan',1.7),(340,'Alexine Adamsson',3.8),(341,'Leanna Friend',4.2),(342,'Chickie Jackling',9.3),(343,'Henrik Hardacre',2.4),(344,'Merell Ferraro',2.6),(345,'Berta Docwra',4.6),(346,'Chrystal Inggall',6.1),(347,'Aubrie Caspell',8.5),(348,'Petronille Olsen',6.9),(349,'Jehanna Giveen',5.2),(350,'Carl Hodges',9.1),(351,'Christophe Osment',4.9),(352,'Rosette Gayden',6.4),(353,'Cindra Scamerdine',2.9),(354,'Shandeigh Siemens',4.3),(355,'Rob Popplewell',3.0),(356,'Vidovik Bohike',9.4),(357,'Agata Trees',8.0),(358,'Brooks Thebeaud',5.9),(359,'Alec Sissel',8.3),(360,'Bobette Paoletti',3.0),(361,'Fanechka Novichenko',5.5),(362,'Colin Hearfield',6.2),(363,'Ivan Massimi',6.3),(364,'Jewel Bartley',2.3),(365,'Shane Busch',7.3),(366,'Marge Rydings',3.3),(367,'Jedidiah Tow',3.7),(368,'Nolly Saladine',5.4),(369,'Ronny Dillow',2.6),(370,'Odell Syddie',8.5),(371,'Rosemary Creek',9.0),(372,'Ramona Maxsted',9.3),(373,'Anderson Spens',8.3),(374,'Sophey Yitzovitz',7.1),(375,'Bari Cuddy',5.1),(376,'Tommie Colegrove',8.5),(377,'Cristi Toulamain',1.2),(378,'Mady Elcombe',6.1),(379,'Melly Makey',6.1),(380,'Xymenes Ingledow',2.8),(381,'Urson Foucher',5.6),(382,'Maryanna De Miranda',6.3),(383,'Caye Trangmar',7.5),(384,'Janifer Wauchope',3.7),(385,'Bernadine Flory',9.3),(386,'Ugo Boother',2.5),(387,'Kayle Crick',4.5),(388,'Kipp Garton',6.1),(389,'Hyacinthe Haston',9.6),(390,'Ema Maskew',8.6),(391,'Boonie Chapple',2.6),(392,'Allan Charity',9.8),(393,'Ethelred Franklyn',2.9),(394,'Rutter Pocke',9.9),(395,'Caryl Panons',1.4),(396,'Olag Ponten',9.6),(397,'Duffie Blunt',2.8),(398,'Amalita Harriagn',6.1),(399,'Vito Mepsted',9.2),(400,'Bernadine Checklin',1.7),(401,'Vaclav Alabaster',6.6),(402,'Boigie Tomaini',8.2),(403,'Eveleen Fillon',7.4),(404,'Suellen Scrowson',3.8),(405,'Teena Beig',3.7),(406,'Mureil Guillain',7.2),(407,'Kelsi Esslement',8.7),(408,'Jillane Acock',3.8),(409,'Malena Larwood',9.4),(410,'Mychal Foreman',7.6),(411,'Napoleon Athey',8.8),(412,'Parnell Teesdale',4.6),(413,'Darlene Obell',2.4),(414,'Les Hukins',5.4),(415,'Jammie Paine',3.0),(416,'Bat Malec',4.7),(417,'Noreen Sparway',1.4),(418,'Bob Bulluck',3.5),(419,'Geoff Patroni',7.3),(420,'Etti Crookston',8.1),(421,'Grethel Ebi',6.5),(422,'Davina Jay',8.0),(423,'Arman Greasty',9.5),(424,'Roman Sommersett',1.0),(425,'Cecilius Butson',2.8),(426,'Stan Raymond',3.1),(427,'Liesa Ilyas',7.8),(428,'Dell Stobbie',3.1),(429,'Emmaline Ysson',6.5),(430,'Inness Meaker',4.6),(431,'Bunni Goley',8.8),(432,'Lev Rowet',8.8),(433,'Dell Stainer',5.1),(434,'Lynelle Eastlake',9.3),(435,'Maris Burwell',2.6),(436,'Kaitlynn Trustrie',6.4),(437,'Hedda Heggison',10.0),(438,'Wood Lyon',6.0),(439,'Tim Fadden',7.0),(440,'Maddalena Coppeard',3.2),(441,'Pippo Pettican',7.1),(442,'Lynnea Butteris',2.3),(443,'Trescha Sinson',4.9),(444,'Herschel Ghidini',1.7),(445,'Hyacinthia Yelding',9.0),(446,'Alyson Wones',8.4),(447,'Waiter Killimister',1.4),(448,'Zerk Feye',5.2),(449,'Henderson Sowerby',4.6),(450,'Ara Paxforde',4.4),(451,'Candi Elwell',5.7),(452,'Purcell Lade',6.0),(453,'Sid Farey',9.8),(454,'Creight Defond',6.9),(455,'Farrand Zavittieri',6.8),(456,'Ezechiel Bediss',7.8),(457,'Jacquie Andre',2.0),(458,'Randell Stivers',5.1),(459,'Daniele McMains',9.4),(460,'Leeanne Jelf',9.8),(461,'Gerome Salan',4.4),(462,'Sheelah Vasyukhnov',3.7),(463,'Bettine Singyard',8.6),(464,'Gelya Messom',4.8),(465,'Mandi Blakes',5.5),(466,'Ginni Gooding',9.0),(467,'Marian Schelle',4.7),(468,'Guinna Crosby',2.3),(469,'Ramon Lunn',8.2),(470,'Alyce Buten',9.7),(471,'Della Nicholas',5.7),(472,'Vera Blair',2.3),(473,'Ogdon Bussen',1.6),(474,'Nerta Mocquer',5.0),(475,'Kaylil Willimont',8.1),(476,'Delmer Nelthropp',4.1),(477,'Edan Vautrey',8.5),(478,'Nydia Jedrzejewicz',3.4),(479,'Verla Gorrie',6.8),(480,'Zena Jurczak',2.5),(481,'Jennette Petrushka',1.4),(482,'Jacob Leall',1.9),(483,'Norean Shireff',3.7),(484,'Meara Faherty',2.1),(485,'Colet Aymer',3.2),(486,'Aldous Hefner',7.5),(487,'Peggi Alstead',3.8),(488,'Leonie Coster',4.4),(489,'Gerry Joire',3.6),(490,'Faunie Cutress',9.0),(491,'Siegfried Marcussen',5.1),(492,'Rutledge Ginty',2.2),(493,'Vaclav Hassan',3.6),(494,'Mirabella Bough',8.7),(495,'Illa Ansill',8.2),(496,'Jessika Mabbutt',6.2),(497,'Lorilyn Hatliff',1.8),(498,'Mohandis Stawell',7.6),(499,'Chucho Wakeham',1.6),(500,'Glenda Mibourne',8.1),(501,'Margi Ourtic',5.3),(502,'Tobey Flear',9.4),(503,'Orin Leroux',3.9),(504,'Benedetta Klauer',1.2),(505,'Stanleigh Kerin',5.0),(506,'Maegan Sommerfeld',2.9),(507,'Filip Tompion',7.6),(508,'Thorsten Trustrie',8.3),(509,'Deane Bahl',4.3),(510,'Efrem Kewish',9.2),(511,'Sancho Elleyne',9.0),(512,'Idaline Kyston',1.6),(513,'Alick Fulker',2.0),(514,'Gaspard Mathewes',8.7),(515,'Sydney Hiseman',9.7),(516,'Sharlene Sherborne',9.9),(517,'Dorisa Primarolo',8.9),(518,'Jehu Dyball',2.1),(519,'Delainey Di Matteo',5.0),(520,'Averyl Jillis',4.7),(521,'Alain Spencley',6.4),(522,'Lisetta Eitter',6.2),(523,'Anatollo McGilvary',3.7),(524,'Erna Caw',3.3),(525,'Deeyn Prestland',6.8),(526,'Emma Coupe',4.7),(527,'Aveline Kerr',7.6),(528,'Svend Rickaby',3.8),(529,'Sharla Sandeford',5.2),(530,'Ivonne Scola',9.4),(531,'Esra Crush',6.4),(532,'Putnem Couzens',5.4),(533,'Mavra Cockland',7.0),(534,'Lynn Brannon',1.2),(535,'Cyrille Hadwin',2.5),(536,'Brittni Leroux',6.2),(537,'Madelon Norheny',6.9),(538,'Jacky Deplacido',7.6),(539,'Viki Brookson',5.7),(540,'Sergent Very',3.9),(541,'Pieter McGrey',6.6),(542,'Belicia Blackburne',5.4),(543,'Timothea Roistone',7.3),(544,'Marne Fogarty',6.3),(545,'Romeo Runchman',3.8),(546,'Lindi Halpin',6.4),(547,'Melva Larmouth',7.7),(548,'Angelo Mickleburgh',6.2),(549,'Brander Carnihan',7.1),(550,'Patrizio Reggler',6.8),(551,'Susy Fosbraey',1.4),(552,'Esme Grestye',2.1),(553,'Caye Rymour',5.9),(554,'Enrika Van Arsdale',6.1),(555,'Paulita Drinkall',9.5),(556,'Coriss Jimmison',7.6),(557,'Eve Purvess',5.4),(558,'Frederigo Vasey',1.8),(559,'Quent Gopsell',5.5),(560,'Hartwell Glackin',9.5),(561,'Retha Sturt',4.8),(562,'Jilleen Forgan',4.3),(563,'Perkin Matyushonok',2.5),(564,'Bria Weir',1.2),(565,'Rudd Mucklestone',4.2),(566,'Geoff Virgin',5.1),(567,'Isahella Arnatt',3.2),(568,'Erin Gisburn',8.7),(569,'Conney Christian',2.1),(570,'Barron Gridon',8.9),(571,'Korrie Dunkerk',8.9),(572,'Osborn Antrag',8.6),(573,'Aloise Braybrookes',1.6),(574,'Wes Busby',4.6),(575,'Griffith Brownett',7.2),(576,'Damien O\'Rafferty',7.7),(577,'Blanche Janda',6.3),(578,'Zebulon Clemmey',5.8),(579,'Gunilla Farra',1.8),(580,'Shaun Maber',5.0),(581,'Shepherd Niset',5.6),(582,'Eleanora Gosney',1.6),(583,'Rachelle Trewhitt',1.4),(584,'Tarah Hukins',7.0),(585,'Jedidiah Dorrington',3.5),(586,'Alessandra Wilshire',7.7),(587,'Drusy Castellet',7.6),(588,'Wilmette Bartelot',7.5),(589,'Cart Truder',6.3),(590,'Alene Wilkerson',8.6),(591,'Geoffrey Shaylor',8.1),(592,'Phillip Azemar',4.5),(593,'Beulah Geraldi',3.7),(594,'Gretna Brislan',8.6),(595,'Carline Blade',5.1),(596,'Doro Janjic',6.8),(597,'Terese Carayol',4.2),(598,'Lonny Feary',3.3),(599,'Julius Burvill',2.0),(600,'Amby Feast',5.8),(601,'Nanette Pumfrey',5.8),(602,'Lucas Boutell',2.3),(603,'Izaak Dunsleve',3.7),(604,'Barbette Scoffins',5.6),(605,'Torie Brockie',4.4),(606,'Dollie Eddie',1.1),(607,'Goddard Large',1.6),(608,'Mateo Bellingham',1.8),(609,'Harland Oxford',9.3),(610,'Dallas Somerscales',6.9),(611,'Arney Dyos',3.4),(612,'Diannne Woolveridge',3.1),(613,'Patton Chesson',9.5),(614,'Effie Bugge',9.4),(615,'Meir Jermey',10.0),(616,'Godfree Vost',9.7),(617,'Charissa Sollom',7.5),(618,'Sigmund Grinval',8.7),(619,'Reilly Starkey',6.7),(620,'Kinny Eales',5.7),(621,'Vinnie Huggin',7.8),(622,'Derick Nitto',1.3),(623,'Merl Mosedale',5.3),(624,'Randene Matelyunas',3.0),(625,'Hyman Harcourt',6.3),(626,'Livvie Corringham',2.8),(627,'Nedda Pechet',7.3),(628,'Rodie Reinhardt',2.3),(629,'Arielle Tuckley',5.5),(630,'Adrianne Emilien',6.0),(631,'Joell Magill',5.7),(632,'Chilton Weems',1.4),(633,'Bertrand Bonafacino',9.4),(634,'Fleming Daughton',8.1),(635,'Querida Demange',8.6),(636,'Bern Gwyneth',2.1),(637,'Kris Muino',6.6),(638,'Delmar Rann',3.1),(639,'Jenilee Asch',9.6),(640,'Gilberte Yushankin',9.9),(641,'Rainer Thorneywork',2.9),(642,'Borg Spoward',5.4),(643,'Paolo Colls',4.2),(644,'Corissa Eastes',6.4),(645,'Derk Wollard',7.3),(646,'Horten Skett',5.3),(647,'Thurstan Unitt',9.2),(648,'Abagail Oglethorpe',5.4),(649,'Kayley Osmint',3.2),(650,'Bone Brackenbury',8.6),(651,'Karry Mounsey',8.2),(652,'Dyanna Lyst',8.9),(653,'Janette Roundtree',1.3),(654,'Nanon Whitewood',8.9),(655,'Hugo Greggs',4.0),(656,'Jacquenette Lashmar',8.3),(657,'Pincas Doram',3.1),(658,'Hinze Figura',4.8),(659,'Nina Casali',2.7),(660,'Anatole Sorel',3.6),(661,'Keelby Brauninger',2.7),(662,'Pearline Steed',5.8),(663,'Trudy Kirkup',9.4),(664,'Gannie Pressnell',7.1),(665,'Kissee Broyd',6.9),(666,'Christal Michell',2.9),(667,'Jonathon McPeeters',6.3),(668,'Lilly Jurasek',1.2),(669,'Gwenore Aikett',3.0),(670,'Davey Thorneley',5.6),(671,'Wilhelm Wyss',1.5),(672,'Crista Broke',2.9),(673,'Lindie Mulqueen',2.5),(674,'Jolee Aishford',5.0),(675,'Tirrell Toft',4.2),(676,'Carlynne Ould',8.8),(677,'Durand O\'Dee',2.3),(678,'Daffie Pitts',1.2),(679,'Kaylil Ellingford',7.4),(680,'Alaine Ashtonhurst',5.3),(681,'Abbey Gadaud',6.7),(682,'Gray Rabat',4.7),(683,'Ortensia Jervoise',3.0),(684,'Thaine Bosson',4.3),(685,'Geri Speddin',6.0),(686,'Edwin Pegden',8.0),(687,'Mellisent Lacrouts',7.6),(688,'Sidnee Le Surf',4.6),(689,'Calypso Quarmby',1.3),(690,'Carly Cobbin',4.2),(691,'Kalila Costello',3.6),(692,'Miguelita Fogarty',8.2),(693,'Carlyle Powdrill',9.8),(694,'Jonah Headrick',9.2),(695,'Anitra Ruxton',8.5),(696,'Seamus Sambath',6.0),(697,'Joseito Hundley',9.6),(698,'Ingram Toffolini',6.1),(699,'Aimee Jedrzejkiewicz',9.0),(700,'L;urette Sconce',2.8),(701,'Bail Stratford',5.1),(702,'Carey Raise',4.0),(703,'Gisella Kivelle',8.2),(704,'Maddi Stockney',1.4),(705,'Moss Waddicor',5.4),(706,'Analise Sheerman',5.4),(707,'Domini Dassindale',5.5),(708,'Mead Gravey',7.2),(709,'Theresina Vereker',7.7),(710,'Alta Garvagh',8.0),(711,'Jeddy Jaynes',6.8),(712,'Guillaume Lownes',4.8),(713,'Selle Tunaclift',6.1),(714,'Georgie Marjoram',4.3),(715,'Britte Jahnig',4.9),(716,'Maia Weathey',8.7),(717,'Claiborne O\'Hogertie',9.0),(718,'Karney Olesen',8.2),(719,'Kaitlynn Benck',2.4),(720,'Vonny Swyre',6.5),(721,'Reinaldo Butterwick',3.9),(722,'Shannon Davidzon',1.3),(723,'Brittne Dreng',7.9),(724,'Allegra Simonetti',3.2),(725,'Jonas Ricciardo',7.1),(726,'Kania Wasson',7.8),(727,'Dwayne Bayford',4.6),(728,'Rosalind Aldwich',5.1),(729,'Jarrid Filipyev',6.3),(730,'Killie Labitt',5.8),(731,'Jamie Clail',4.5),(732,'Lethia Appleford',1.8),(733,'Boyd Dahmke',5.4),(734,'Nisse Turnbull',2.0),(735,'Redd Perkis',2.7),(736,'Gris Peacham',9.7),(737,'Kassey Marc',5.6),(738,'Dido Holley',6.8),(739,'Ingamar Elfitt',6.6),(740,'Rodd Mulran',5.8),(741,'Chickie Bilovus',8.6),(742,'Shelly Pobjay',8.6),(743,'Mariellen Picford',4.5),(744,'Judith Kausche',9.0),(745,'Jory Toffts',5.5),(746,'Baxie Kitcherside',8.7),(747,'Jorge Stallwood',4.6),(748,'Kayne Leale',8.1),(749,'Wilek Springall',2.5),(750,'Kyrstin Christian',1.8),(751,'Anton Oxlade',4.1),(752,'Giraud Knightsbridge',9.2),(753,'Sheeree Hake',5.6),(754,'Cyril Ilymanov',6.6),(755,'Inesita Seczyk',3.5),(756,'Kelsey Storrock',6.6),(757,'Amelia Sewards',9.1),(758,'Frederico Thorsby',3.1),(759,'Alistair Cullagh',5.0),(760,'Rori Girk',6.5),(761,'Erv O\'Skehan',1.8),(762,'Mord Brownfield',5.5),(763,'Hazel Cominotti',9.8),(764,'Aurie McQuilkin',2.4),(765,'Noni McAnulty',7.0),(766,'Dynah Crace',2.9),(767,'Catherin Gavrieli',6.3),(768,'Rab Showers',4.7),(769,'Franciskus Lethbury',2.4),(770,'Stephen Ledur',3.4),(771,'Latrina Dagworthy',9.6),(772,'Welsh Kither',3.4),(773,'Cammie Freddi',2.3),(774,'Angelico Mirams',9.1),(775,'Xylia Simunek',5.4),(776,'Hyacinthe Somerton',4.7),(777,'Chrissy Lay',8.8),(778,'Cindy Giovannilli',2.5),(779,'Hamil Fernyhough',2.0),(780,'Yoko Silberschatz',7.0),(781,'Diego Ianelli',3.5),(782,'Spencer Simmons',8.9),(783,'Keir Ghidini',7.8),(784,'Megen Atthowe',3.5),(785,'Lily Averay',8.0),(786,'Odelia Eade',2.2),(787,'Agustin Brookzie',7.9),(788,'Jamie Considine',2.4),(789,'Keslie Burkill',3.1),(790,'Farris Trevethan',3.4),(791,'Lynn Wedmore',7.7),(792,'Dalila Kermode',3.8),(793,'Joycelin Hallows',9.5),(794,'Denny Lasselle',1.2),(795,'Lu Woodroffe',4.2),(796,'Camey Garlicke',4.1),(797,'Ellynn Eighteen',5.3),(798,'Connie Barbier',1.1),(799,'Ignace Hinchcliffe',5.1),(800,'Valle Smiths',4.6),(801,'Brander Ropking',5.4),(802,'Dulcea Grey',9.1),(803,'Nikolaos Dooney',1.4),(804,'Jourdan Santarelli',6.5),(805,'Barri Rycroft',6.5),(806,'Bird Patley',7.1),(807,'Janaye Treuge',6.7),(808,'Andee Sturror',5.4),(809,'Lane Streeting',8.9),(810,'Vivyanne O\'Skehan',1.7),(811,'Glyn Cullagh',6.3),(812,'Harman Hurll',6.3),(813,'Lulita Hackleton',9.2),(814,'Orazio Antonnikov',1.5),(815,'Erhard Rosina',4.6),(816,'Wells Boast',8.4),(817,'Silvia Laven',9.5),(818,'Sydelle Dorling',7.4),(819,'Leeanne MacAlpin',6.5),(820,'Perle Brockhurst',4.2),(821,'Basil De Andreis',8.9),(822,'Allin Lansbury',3.3),(823,'Yehudit Baistow',4.7),(824,'Rees Beresfore',8.9),(825,'Felipa Collinson',2.3),(826,'Ernestus Leisk',4.3),(827,'Lainey Kleinert',4.7),(828,'Anastassia Peacher',9.0),(829,'Donica Vittle',8.6),(830,'Lin Storah',9.6),(831,'Ernaline Gregine',1.6),(832,'Shaine Lerner',9.1),(833,'Peg Jachtym',2.9),(834,'Jandy McTrustey',1.5),(835,'Lyle Larrie',8.0),(836,'Haskel Airds',3.7),(837,'Candie Parkman',9.0),(838,'Colet McGarahan',2.5),(839,'Truda Hucke',1.1),(840,'Taite Roser',4.8),(841,'Brita Agott',9.2),(842,'Erv Kopta',8.4),(843,'Denice Crimin',3.1),(844,'Tawsha Klulicek',2.3),(845,'Shaylah Melchior',8.8),(846,'Franny Need',6.3),(847,'Judith Freund',6.7),(848,'Cyndia Layfield',1.0),(849,'Mallorie Pariss',9.2),(850,'Kerwin Brewett',6.8),(851,'Cassaundra Scrase',1.8),(852,'Letizia Giacometti',6.3),(853,'Maureene Roomes',6.7),(854,'Juliette Ohrtmann',5.9),(855,'Symon Devenport',3.7),(856,'Gerti Thompkins',8.2),(857,'Amalea Dibben',3.2),(858,'Haskell McTurk',9.6),(859,'Fax Danzelman',2.2),(860,'Woody Eburne',9.0),(861,'Felicdad Dadd',1.2),(862,'Wat Cud',3.9),(863,'Care Azam',1.7),(864,'Una McIlveen',5.7),(865,'Elysha Alvarado',1.3),(866,'Rene Ben',5.3),(867,'Alfonso Iacobassi',9.2),(868,'Bo Bysshe',1.9),(869,'Corney Skippings',1.8),(870,'Daisy Eim',6.1),(871,'Shir Nutley',8.7),(872,'Ame O\'Fielly',2.5),(873,'Hurleigh Shakelady',1.5),(874,'Lonnie Iacovini',2.3),(875,'Terrel Hatliff',7.2),(876,'Chelsy Canas',7.8),(877,'Lainey Trudgion',7.2),(878,'Trish Alexsandrov',9.3),(879,'Dennie Dieton',2.7),(880,'Gerhardt Andreas',9.9),(881,'Dmitri Behning',7.0),(882,'Link Adamczewski',1.7),(883,'Barrett Hodjetts',1.4),(884,'Angelo Ripper',7.4),(885,'Jacinta Biaggetti',3.4),(886,'Ernest Thurley',8.4),(887,'Bastien Stobart',5.1),(888,'Dinny Coopey',2.0),(889,'Aloin Barriball',3.0),(890,'Cornela Petyt',8.5),(891,'Westbrook Furmedge',8.3),(892,'Prentice Wootton',9.4),(893,'Gisela Tortice',8.5),(894,'Trista Lago',7.9),(895,'Brent Doumic',7.2),(896,'Christoph Cleef',7.5),(897,'Greg Pierce',3.4),(898,'Gerald Lorant',8.9),(899,'Merrielle Swedeland',6.1),(900,'Gradey Girdlestone',3.0),(901,'Lynnea Pidcock',4.9),(902,'Simonne Pettman',1.3),(903,'Branden Marconi',4.2),(904,'Laurence Sumpton',2.2),(905,'Philip Marshallsay',7.0),(906,'Egon Wakeley',9.7),(907,'Giacinta La Grange',9.9),(908,'Gram Paggitt',4.9),(909,'Malissia Huygen',2.0),(910,'Wini Pooke',6.1),(911,'Kathlin Lapsley',7.6),(912,'Egbert Whatling',7.9),(913,'Ashla Sked',3.7),(914,'Merv Hambrick',2.9),(915,'Delmore Jaszczak',5.1),(916,'Erl Biggadike',6.4),(917,'Boris Beebis',1.7),(918,'Edgardo Kobierski',3.4),(919,'Kevin Blasiak',3.1),(920,'Hali Katte',2.4),(921,'Torrie Lawful',3.9),(922,'Cristionna Neathway',9.9),(923,'Goran Scriviner',7.9),(924,'Emmeline Hill',1.6),(925,'Dell Lavallin',9.3),(926,'Marcelle Aim',5.0),(927,'Delmor Klauer',9.1),(928,'Farly Challice',5.4),(929,'Eal McDavitt',1.0),(930,'Mariquilla Frobisher',6.2),(931,'Nikolaus Cassin',9.7),(932,'Martita Breward',5.3),(933,'Renate Atherton',6.1),(934,'Goldina Slimm',7.4),(935,'Bastian Screach',9.9),(936,'Lena Peppard',4.6),(937,'Muriel Yellowlees',2.3),(938,'Andy Meuse',6.4),(939,'Ali Chazelle',3.7),(940,'Gussi Brisse',8.7),(941,'Saunder Hamblen',8.4),(942,'Lion Antyshev',9.9),(943,'Sonny Esselin',7.3),(944,'Albina Choat',9.1),(945,'Shaun McDell',9.7),(946,'Nonie Pethrick',2.7),(947,'Abba Satcher',7.7),(948,'Ezequiel Delacourt',6.9),(949,'Coleen Oscroft',7.0),(950,'Bond MacCrachen',5.7),(951,'Nikki Le Port',1.2),(952,'Rorke Franciottoi',5.9),(953,'Koressa Senechault',2.0),(954,'Devora Jewson',3.7),(955,'Harper Tigwell',1.3),(956,'Sonja Eager',6.2),(957,'Auguste Celier',2.7),(958,'Sybila Deelay',6.8),(959,'Melloney Norvel',3.9),(960,'Ashton Cassells',3.7),(961,'Hildegaard Walby',3.7),(962,'Avis Baskerfield',2.5),(963,'Rollins Paolo',7.4),(964,'Eben Germann',1.6),(965,'Tobey Mongenot',1.3),(966,'Joyous Evison',3.5),(967,'Serena Odo',5.9),(968,'Joanne Grenshields',8.0),(969,'Gracie Di Ruggiero',4.8),(970,'Rey De Rechter',8.3),(971,'Mira Nichol',8.3),(972,'Quinn Scading',2.3),(973,'Bertie North',1.5),(974,'Horace Lambourne',8.5),(975,'Rozanne Wildor',9.8),(976,'Clarisse Duggleby',5.8),(977,'Phip Mullally',4.7),(978,'Martina Radband',3.6),(979,'Kingsley Sheeran',1.3),(980,'Patty Ashpole',3.2),(981,'Dewie Gonnard',1.3),(982,'Gian Rosenboim',4.5),(983,'Elinor Ratlee',8.4),(984,'Nadeen Wint',9.8),(985,'Alverta Oliveti',2.5),(986,'Immanuel Gloves',3.5),(987,'Niven Utley',3.9),(988,'Fianna Haysey',4.9),(989,'Diannne Padula',4.9),(990,'Arleen Spur',1.8),(991,'Tamera O\'Henehan',2.5),(992,'Den Gaze',4.0),(993,'Korrie Calcut',7.5),(994,'Jo Gibbens',5.0),(995,'Timotheus Neissen',9.5),(996,'Orelia Prahm',5.2),(997,'Freddi Ringham',4.2),(998,'Ashley Charkham',5.3),(999,'Xymenes Cullingworth',1.7),(1000,'Marie-jeanne Knibb',8.4);
/*!40000 ALTER TABLE `user` ENABLE KEYS */;
UNLOCK TABLES;
/*!40103 SET TIME_ZONE=@OLD_TIME_ZONE */;

/*!40101 SET SQL_MODE=@OLD_SQL_MODE */;
/*!40014 SET FOREIGN_KEY_CHECKS=@OLD_FOREIGN_KEY_CHECKS */;
/*!40014 SET UNIQUE_CHECKS=@OLD_UNIQUE_CHECKS */;
/*!40101 SET CHARACTER_SET_CLIENT=@OLD_CHARACTER_SET_CLIENT */;
/*!40101 SET CHARACTER_SET_RESULTS=@OLD_CHARACTER_SET_RESULTS */;
/*!40101 SET COLLATION_CONNECTION=@OLD_COLLATION_CONNECTION */;
/*!40111 SET SQL_NOTES=@OLD_SQL_NOTES */;

-- Dump completed on 2017-10-08  0:30:34
